ticker,date,predicted_return,lower_bound_return,bound_width
RELIANCE.NS,2025-05-22,-0.038,-0.0401,0.0034
RELIANCE.NS,2025-05-25,-0.0433,-0.0455,0.0034
RELIANCE.NS,2025-05-26,-0.0348,-0.0369,0.0034
RELIANCE.NS,2025-05-27,-0.0285,-0.0307,0.0034
RELIANCE.NS,2025-05-28,-0.0319,-0.034,0.0034
RELIANCE.NS,2025-05-29,-0.034,-0.0361,0.0034
RELIANCE.NS,2025-06-01,-0.0291,-0.0312,0.0034
RELIANCE.NS,2025-06-02,-0.0234,-0.0256,0.0034
RELIANCE.NS,2025-06-03,-0.0357,-0.0379,0.0034
RELIANCE.NS,2025-06-04,-0.0484,-0.0505,0.0033
RELIANCE.NS,2025-06-05,-0.0491,-0.0512,0.0033
RELIANCE.NS,2025-06-08,-0.0526,-0.0547,0.0033
RELIANCE.NS,2025-06-09,-0.0458,-0.0479,0.0034
RELIANCE.NS,2025-06-10,-0.0526,-0.0548,0.0033
RELIANCE.NS,2025-06-11,-0.0478,-0.05,0.0033
RELIANCE.NS,2025-06-12,-0.0387,-0.0409,0.0034
RELIANCE.NS,2025-06-15,-0.0453,-0.0475,0.0034
RELIANCE.NS,2025-06-16,-0.0409,-0.0431,0.0034
RELIANCE.NS,2025-06-17,-0.0402,-0.0423,0.0034
RELIANCE.NS,2025-06-18,-0.0423,-0.0445,0.0034
RELIANCE.NS,2025-06-19,-0.0638,-0.0659,0.0033
RELIANCE.NS,2025-06-22,-0.0578,-0.0599,0.0033
RELIANCE.NS,2025-06-23,-0.0539,-0.056,0.0033
RELIANCE.NS,2025-06-24,-0.0645,-0.0666,0.0033
RELIANCE.NS,2025-06-25,-0.082,-0.0841,0.0032
RELIANCE.NS,2025-06-26,-0.0942,-0.0962,0.0032
RELIANCE.NS,2025-06-29,-0.0853,-0.0873,0.0032
RELIANCE.NS,2025-06-30,-0.1019,-0.1039,0.0032
RELIANCE.NS,2025-07-01,-0.0962,-0.0983,0.0032
RELIANCE.NS,2025-07-02,-0.0956,-0.0977,0.0032
RELIANCE.NS,2025-07-03,-0.1013,-0.1033,0.0032
RELIANCE.NS,2025-07-06,-0.1095,-0.1115,0.0031
RELIANCE.NS,2025-07-07,-0.1073,-0.1093,0.0031
RELIANCE.NS,2025-07-08,-0.0964,-0.0984,0.0032
RELIANCE.NS,2025-07-09,-0.0953,-0.0973,0.0032
RELIANCE.NS,2025-07-10,-0.082,-0.084,0.0032
RELIANCE.NS,2025-07-13,-0.0749,-0.0769,0.0033
RELIANCE.NS,2025-07-14,-0.0759,-0.078,0.0033
RELIANCE.NS,2025-07-15,-0.076,-0.0781,0.0033
RELIANCE.NS,2025-07-16,-0.0703,-0.0724,0.0033
RELIANCE.NS,2025-07-17,-0.07,-0.0721,0.0033
RELIANCE.NS,2025-07-20,-0.0392,-0.0413,0.0034
RELIANCE.NS,2025-07-21,-0.0284,-0.0306,0.0034
RELIANCE.NS,2025-07-22,-0.0365,-0.0386,0.0034
RELIANCE.NS,2025-07-23,-0.0216,-0.0238,0.0034
RELIANCE.NS,2025-07-24,-0.0137,-0.0159,0.0035
RELIANCE.NS,2025-07-27,-0.0108,-0.013,0.0035
RELIANCE.NS,2025-07-28,-0.0314,-0.0335,0.0034
RELIANCE.NS,2025-07-29,-0.0266,-0.0287,0.0034
RELIANCE.NS,2025-07-30,-0.0126,-0.0148,0.0035
RELIANCE.NS,2025-07-31,-0.0151,-0.0173,0.0035
RELIANCE.NS,2025-08-03,-0.0275,-0.0297,0.0034
RELIANCE.NS,2025-08-04,-0.0137,-0.0159,0.0035
RELIANCE.NS,2025-08-05,-0.0145,-0.0167,0.0035
RELIANCE.NS,2025-08-06,-0.0121,-0.0143,0.0035
RELIANCE.NS,2025-08-07,0.0035,0.0013,0.0035
RELIANCE.NS,2025-08-10,-0.0098,-0.012,0.0035
RELIANCE.NS,2025-08-11,-0.0056,-0.0078,0.0035
RELIANCE.NS,2025-08-12,-0.0072,-0.0094,0.0035
RELIANCE.NS,2025-08-13,-0.0048,-0.007,0.0035
RELIANCE.NS,2025-08-17,-0.0105,-0.0127,0.0035
RELIANCE.NS,2025-08-18,-0.0373,-0.0394,0.0034
RELIANCE.NS,2025-08-19,-0.0324,-0.0346,0.0034
RELIANCE.NS,2025-08-20,-0.0404,-0.0426,0.0034
RELIANCE.NS,2025-08-21,-0.0298,-0.032,0.0034
RELIANCE.NS,2025-08-24,-0.0322,-0.0343,0.0034
RELIANCE.NS,2025-08-25,-0.0128,-0.015,0.0035
RELIANCE.NS,2025-08-27,-0.0135,-0.0157,0.0035
RELIANCE.NS,2025-08-28,0.0073,0.0051,0.0035
RELIANCE.NS,2025-08-31,0.0098,0.0075,0.0036
RELIANCE.NS,2025-09-01,0.0005,-0.0017,0.0035
RELIANCE.NS,2025-09-02,-0.004,-0.0062,0.0035
RELIANCE.NS,2025-09-03,0.0058,0.0035,0.0035
RELIANCE.NS,2025-09-04,-0.0057,-0.0079,0.0035
RELIANCE.NS,2025-09-07,-0.0082,-0.0104,0.0035
RELIANCE.NS,2025-09-08,-0.0066,-0.0088,0.0035
RELIANCE.NS,2025-09-09,-0.0071,-0.0094,0.0035
RELIANCE.NS,2025-09-10,-0.0117,-0.0139,0.0035
RELIANCE.NS,2025-09-11,-0.0199,-0.0221,0.0034
RELIANCE.NS,2025-09-14,-0.023,-0.0251,0.0034
RELIANCE.NS,2025-09-15,-0.0271,-0.0293,0.0034
RELIANCE.NS,2025-09-16,-0.033,-0.0351,0.0034
RELIANCE.NS,2025-09-17,-0.0338,-0.036,0.0034
RELIANCE.NS,2025-09-18,-0.0286,-0.0308,0.0034
RELIANCE.NS,2025-09-21,-0.0168,-0.019,0.0035
RELIANCE.NS,2025-09-22,-0.0163,-0.0185,0.0035
RELIANCE.NS,2025-09-23,-0.0114,-0.0137,0.0035
RELIANCE.NS,2025-09-24,-0.0038,-0.006,0.0035
RELIANCE.NS,2025-09-25,-0.0076,-0.0098,0.0035
RELIANCE.NS,2025-09-28,-0.0041,-0.0063,0.0035
RELIANCE.NS,2025-09-29,0.0023,0.0001,0.0035
RELIANCE.NS,2025-09-30,-0.0011,-0.0033,0.0035
RELIANCE.NS,2025-10-02,0.0028,0.0005,0.0035
RELIANCE.NS,2025-10-05,-0.0057,-0.0079,0.0035
RELIANCE.NS,2025-10-06,-0.0127,-0.0149,0.0035
RELIANCE.NS,2025-10-07,-0.0002,-0.0024,0.0035
RELIANCE.NS,2025-10-08,-0.0077,-0.0099,0.0035
RELIANCE.NS,2025-10-09,-0.0105,-0.0127,0.0035
RELIANCE.NS,2025-10-12,-0.0057,-0.0079,0.0035
RELIANCE.NS,2025-10-13,-0.0063,-0.0086,0.0035
RELIANCE.NS,2025-10-14,-0.0052,-0.0074,0.0035
RELIANCE.NS,2025-10-15,-0.0223,-0.0244,0.0034
RELIANCE.NS,2025-10-16,-0.035,-0.0372,0.0034
RELIANCE.NS,2025-10-19,-0.0679,-0.07,0.0033
RELIANCE.NS,2025-10-20,-0.0669,-0.069,0.0033
RELIANCE.NS,2025-10-22,-0.0561,-0.0582,0.0033
RELIANCE.NS,2025-10-23,-0.0582,-0.0603,0.0033
RELIANCE.NS,2025-10-26,-0.0788,-0.0808,0.0032
RELIANCE.NS,2025-10-27,-0.0805,-0.0826,0.0032
RELIANCE.NS,2025-10-28,-0.0911,-0.0931,0.0032
RELIANCE.NS,2025-10-29,-0.0815,-0.0836,0.0032
RELIANCE.NS,2025-10-30,-0.0802,-0.0823,0.0032
RELIANCE.NS,2025-11-02,-0.0792,-0.0812,0.0032
RELIANCE.NS,2025-11-03,-0.0719,-0.074,0.0033
RELIANCE.NS,2025-11-05,-0.0862,-0.0882,0.0032
RELIANCE.NS,2025-11-06,-0.075,-0.0771,0.0033
RELIANCE.NS,2025-11-09,-0.082,-0.0841,0.0032
RELIANCE.NS,2025-11-10,-0.0845,-0.0866,0.0032
RELIANCE.NS,2025-11-11,-0.0955,-0.0975,0.0032
RELIANCE.NS,2025-11-12,-0.0951,-0.0971,0.0032
RELIANCE.NS,2025-11-13,-0.0999,-0.1019,0.0032
RELIANCE.NS,2025-11-16,-0.0995,-0.1015,0.0032
RELIANCE.NS,2025-11-17,-0.1002,-0.1022,0.0032
RELIANCE.NS,2025-11-18,-0.0999,-0.1019,0.0032
RELIANCE.NS,2025-11-19,-0.1174,-0.1194,0.0031
RELIANCE.NS,2025-11-20,-0.116,-0.118,0.0031
RELIANCE.NS,2025-11-23,-0.1099,-0.1118,0.0031
RELIANCE.NS,2025-11-24,-0.1121,-0.114,0.0031
RELIANCE.NS,2025-11-25,-0.1291,-0.1311,0.0031
RELIANCE.NS,2025-11-26,-0.1255,-0.1275,0.0031
RELIANCE.NS,2025-11-27,-0.1278,-0.1297,0.0031
RELIANCE.NS,2025-11-30,-0.127,-0.129,0.0031
RELIANCE.NS,2025-12-01,-0.1158,-0.1178,0.0031
RELIANCE.NS,2025-12-02,-0.1115,-0.1135,0.0031
RELIANCE.NS,2025-12-03,-0.1097,-0.1117,0.0031
RELIANCE.NS,2025-12-04,-0.1126,-0.1146,0.0031
RELIANCE.NS,2025-12-07,-0.114,-0.1159,0.0031
RELIANCE.NS,2025-12-08,-0.1061,-0.1081,0.0031
RELIANCE.NS,2025-12-09,-0.1104,-0.1124,0.0031
RELIANCE.NS,2025-12-10,-0.1151,-0.1171,0.0031
RELIANCE.NS,2025-12-11,-0.1216,-0.1236,0.0031
RELIANCE.NS,2025-12-14,-0.1215,-0.1234,0.0031
RELIANCE.NS,2025-12-15,-0.1136,-0.1155,0.0031
RELIANCE.NS,2025-12-16,-0.1148,-0.1167,0.0031
RELIANCE.NS,2025-12-17,-0.1148,-0.1167,0.0031
RELIANCE.NS,2025-12-18,-0.1265,-0.1284,0.0031
RELIANCE.NS,2025-12-21,-0.1322,-0.1341,0.0031
RELIANCE.NS,2025-12-22,-0.1296,-0.1315,0.0031
RELIANCE.NS,2025-12-23,-0.1226,-0.1246,0.0031
RELIANCE.NS,2025-12-25,-0.1232,-0.1251,0.0031
RELIANCE.NS,2025-12-28,-0.1154,-0.1174,0.0031
RELIANCE.NS,2025-12-29,-0.1121,-0.1141,0.0031
RELIANCE.NS,2025-12-30,-0.1294,-0.1314,0.0031
RELIANCE.NS,2025-12-31,-0.1323,-0.1342,0.0031
RELIANCE.NS,2026-01-01,-0.1414,-0.1433,0.003
RELIANCE.NS,2026-01-04,-0.1337,-0.1356,0.003
RELIANCE.NS,2026-01-05,-0.0931,-0.0952,0.0032
RELIANCE.NS,2026-01-06,-0.0911,-0.0931,0.0032
RELIANCE.NS,2026-01-07,-0.0703,-0.0724,0.0033
RELIANCE.NS,2026-01-08,-0.0733,-0.0754,0.0033
RELIANCE.NS,2026-01-11,-0.0782,-0.0803,0.0032
RELIANCE.NS,2026-01-12,-0.0589,-0.061,0.0033
RELIANCE.NS,2026-01-13,-0.0628,-0.0649,0.0033
RELIANCE.NS,2026-01-14,-0.0628,-0.0649,0.0033
RELIANCE.NS,2026-01-15,-0.0622,-0.0643,0.0033
RELIANCE.NS,2026-01-18,-0.0328,-0.035,0.0034
RELIANCE.NS,2026-01-19,-0.0192,-0.0214,0.0035
RELIANCE.NS,2026-01-20,-0.0266,-0.0288,0.0034
RELIANCE.NS,2026-01-21,-0.0252,-0.0274,0.0034
RELIANCE.NS,2026-01-22,-0.0137,-0.0159,0.0035
RELIANCE.NS,2026-01-26,-0.0097,-0.0119,0.0035
RELIANCE.NS,2026-01-27,-0.0211,-0.0233,0.0034
RELIANCE.NS,2026-01-28,-0.0171,-0.0193,0.0035
RELIANCE.NS,2026-01-29,-0.0202,-0.0224,0.0034
RELIANCE.NS,2026-02-01,-0.0167,-0.0189,0.0035
RELIANCE.NS,2026-02-02,-0.0487,-0.0508,0.0033
RELIANCE.NS,2026-02-03,-0.0615,-0.0636,0.0033
RELIANCE.NS,2026-02-04,-0.0528,-0.0549,0.0033
RELIANCE.NS,2026-02-05,-0.0576,-0.0597,0.0033
RELIANCE.NS,2026-02-08,-0.0646,-0.0667,0.0033
RELIANCE.NS,2026-02-09,-0.0626,-0.0647,0.0033
RELIANCE.NS,2026-02-10,-0.0691,-0.0712,0.0033
RELIANCE.NS,2026-02-11,-0.0564,-0.0585,0.0033
RELIANCE.NS,2026-02-12,-0.0369,-0.0391,0.0034
RELIANCE.NS,2026-02-15,-0.0487,-0.0508,0.0033
RELIANCE.NS,2026-02-16,-0.0392,-0.0414,0.0034
RELIANCE.NS,2026-02-17,-0.0514,-0.0535,0.0033
RELIANCE.NS,2026-02-18,-0.03,-0.0322,0.0034
RELIANCE.NS,2026-02-19,-0.0368,-0.0389,0.0034
RELIANCE.NS,2026-02-22,-0.0426,-0.0447,0.0034
RELIANCE.NS,2026-02-23,-0.0431,-0.0453,0.0034
RELIANCE.NS,2026-02-24,-0.0224,-0.0246,0.0034
RELIANCE.NS,2026-02-25,-0.0282,-0.0303,0.0034
RELIANCE.NS,2026-02-26,-0.0192,-0.0214,0.0035
RELIANCE.NS,2026-03-01,0.0068,0.0045,0.0035
RELIANCE.NS,2026-03-03,0.0165,0.0142,0.0036
RELIANCE.NS,2026-03-04,-0.016,-0.0182,0.0035
RELIANCE.NS,2026-03-05,-0.0268,-0.029,0.0034
RELIANCE.NS,2026-03-08,-0.0399,-0.0421,0.0034
RELIANCE.NS,2026-03-09,-0.0296,-0.0317,0.0034
RELIANCE.NS,2026-03-10,-0.0166,-0.0188,0.0035
RELIANCE.NS,2026-03-11,-0.018,-0.0202,0.0035
RELIANCE.NS,2026-03-12,-0.0098,-0.012,0.0035
RELIANCE.NS,2026-03-15,-0.02,-0.0222,0.0034
RELIANCE.NS,2026-03-16,-0.0218,-0.024,0.0034
RELIANCE.NS,2026-03-17,-0.0291,-0.0312,0.0034
RELIANCE.NS,2026-03-18,-0.0127,-0.0149,0.0035
RELIANCE.NS,2026-03-19,-0.0334,-0.0355,0.0034
RELIANCE.NS,2026-03-22,-0.0289,-0.031,0.0034
RELIANCE.NS,2026-03-23,-0.0316,-0.0338,0.0034
RELIANCE.NS,2026-03-24,-0.0325,-0.0347,0.0034
RELIANCE.NS,2026-03-26,0.0141,0.0119,0.0036
RELIANCE.NS,2026-03-29,0.0173,0.015,0.0036
RELIANCE.NS,2026-03-31,-0.0015,-0.0037,0.0035
RELIANCE.NS,2026-04-01,0.0123,0.0101,0.0036
RELIANCE.NS,2026-04-05,0.0479,0.0455,0.0037
RELIANCE.NS,2026-04-06,0.048,0.0456,0.0037
RELIANCE.NS,2026-04-07,0.0144,0.0121,0.0036
RELIANCE.NS,2026-04-08,0.0279,0.0257,0.0036
RELIANCE.NS,2026-04-09,0.0126,0.0103,0.0036
RELIANCE.NS,2026-04-12,0.0396,0.0373,0.0037
RELIANCE.NS,2026-04-14,0.0172,0.0149,0.0036
RELIANCE.NS,2026-04-15,0.0178,0.0155,0.0036
RELIANCE.NS,2026-04-16,0.0016,-0.0006,0.0035
RELIANCE.NS,2026-04-19,0.0028,0.0006,0.0035
RELIANCE.NS,2026-04-20,0.0102,0.008,0.0036
RELIANCE.NS,2026-04-21,0.0037,0.0015,0.0035
RELIANCE.NS,2026-04-22,0.0177,0.0154,0.0036
RELIANCE.NS,2026-04-23,0.0297,0.0274,0.0036
RELIANCE.NS,2026-04-26,0.001,-0.0012,0.0035
RELIANCE.NS,2026-04-27,-0.0156,-0.0178,0.0035
RELIANCE.NS,2026-04-28,-0.0409,-0.043,0.0034
RELIANCE.NS,2026-04-29,-0.0445,-0.0466,0.0034
RELIANCE.NS,2026-04-30,-0.0445,-0.0466,0.0034
RELIANCE.NS,2026-05-03,-0.0656,-0.0677,0.0033
RELIANCE.NS,2026-05-04,-0.0659,-0.068,0.0033
RELIANCE.NS,2026-05-05,-0.0492,-0.0513,0.0033
RELIANCE.NS,2026-05-06,-0.0481,-0.0502,0.0033
RELIANCE.NS,2026-05-07,-0.0474,-0.0495,0.0034
RELIANCE.NS,2026-05-10,-0.0151,-0.0173,0.0035
RELIANCE.NS,2026-05-11,0.0023,0.0001,0.0035
RELIANCE.NS,2026-05-12,0.0062,0.0039,0.0035
RELIANCE.NS,2026-05-13,0.0039,0.0017,0.0035
RELIANCE.NS,2026-05-14,0.023,0.0207,0.0036
RELIANCE.NS,2026-05-17,0.0234,0.0211,0.0036
RELIANCE.NS,2026-05-18,0.0336,0.0313,0.0036
RELIANCE.NS,2026-05-19,0.0055,0.0033,0.0035
RELIANCE.NS,2026-05-20,0.013,0.0108,0.0036
RELIANCE.NS,2026-05-21,0.0094,0.0071,0.0036
RELIANCE.NS,2026-05-24,0.0001,-0.0021,0.0035
TCS.NS,2025-05-22,-0.3386,-0.3413,0.0047
TCS.NS,2025-05-25,-0.3428,-0.3455,0.0046
TCS.NS,2025-05-26,-0.3356,-0.3383,0.0047
TCS.NS,2025-05-27,-0.3354,-0.3381,0.0047
TCS.NS,2025-05-28,-0.3354,-0.3382,0.0047
TCS.NS,2025-05-29,-0.3288,-0.3315,0.0047
TCS.NS,2025-06-01,-0.3261,-0.3289,0.0048
TCS.NS,2025-06-02,-0.3173,-0.3201,0.0048
TCS.NS,2025-06-03,-0.3185,-0.3213,0.0048
TCS.NS,2025-06-04,-0.3165,-0.3193,0.0048
TCS.NS,2025-06-05,-0.3191,-0.3219,0.0048
TCS.NS,2025-06-08,-0.3266,-0.3294,0.0047
TCS.NS,2025-06-09,-0.3346,-0.3373,0.0047
TCS.NS,2025-06-10,-0.3363,-0.339,0.0047
TCS.NS,2025-06-11,-0.329,-0.3318,0.0047
TCS.NS,2025-06-12,-0.3313,-0.334,0.0047
TCS.NS,2025-06-15,-0.341,-0.3437,0.0046
TCS.NS,2025-06-16,-0.3445,-0.3472,0.0046
TCS.NS,2025-06-17,-0.3324,-0.3351,0.0047
TCS.NS,2025-06-18,-0.327,-0.3298,0.0047
TCS.NS,2025-06-19,-0.3293,-0.3321,0.0047
TCS.NS,2025-06-22,-0.321,-0.3238,0.0048
TCS.NS,2025-06-23,-0.3204,-0.3232,0.0048
TCS.NS,2025-06-24,-0.3311,-0.3338,0.0047
TCS.NS,2025-06-25,-0.3305,-0.3333,0.0047
TCS.NS,2025-06-26,-0.3304,-0.3331,0.0047
TCS.NS,2025-06-29,-0.3344,-0.3372,0.0047
TCS.NS,2025-06-30,-0.3282,-0.3309,0.0047
TCS.NS,2025-07-01,-0.3269,-0.3297,0.0047
TCS.NS,2025-07-02,-0.3225,-0.3252,0.0048
TCS.NS,2025-07-03,-0.3262,-0.329,0.0048
TCS.NS,2025-07-06,-0.3246,-0.3274,0.0048
TCS.NS,2025-07-07,-0.3235,-0.3263,0.0048
TCS.NS,2025-07-08,-0.3191,-0.3218,0.0048
TCS.NS,2025-07-09,-0.3187,-0.3215,0.0048
TCS.NS,2025-07-10,-0.2945,-0.2974,0.005
TCS.NS,2025-07-13,-0.285,-0.2879,0.005
TCS.NS,2025-07-14,-0.2915,-0.2944,0.005
TCS.NS,2025-07-15,-0.2897,-0.2926,0.005
TCS.NS,2025-07-16,-0.2844,-0.2874,0.005
TCS.NS,2025-07-17,-0.2801,-0.283,0.0051
TCS.NS,2025-07-20,-0.2729,-0.2758,0.0051
TCS.NS,2025-07-21,-0.2732,-0.2762,0.0051
TCS.NS,2025-07-22,-0.2777,-0.2806,0.0051
TCS.NS,2025-07-23,-0.2705,-0.2735,0.0051
TCS.NS,2025-07-24,-0.2677,-0.2707,0.0052
TCS.NS,2025-07-27,-0.2542,-0.2573,0.0053
TCS.NS,2025-07-28,-0.2486,-0.2516,0.0053
TCS.NS,2025-07-29,-0.248,-0.251,0.0053
TCS.NS,2025-07-30,-0.2438,-0.2469,0.0053
TCS.NS,2025-07-31,-0.2353,-0.2384,0.0054
TCS.NS,2025-08-03,-0.2531,-0.2561,0.0053
TCS.NS,2025-08-04,-0.2505,-0.2536,0.0053
TCS.NS,2025-08-05,-0.2427,-0.2458,0.0053
TCS.NS,2025-08-06,-0.2463,-0.2494,0.0053
TCS.NS,2025-08-07,-0.2437,-0.2468,0.0053
TCS.NS,2025-08-10,-0.2448,-0.2479,0.0053
TCS.NS,2025-08-11,-0.2435,-0.2466,0.0053
TCS.NS,2025-08-12,-0.2437,-0.2468,0.0053
TCS.NS,2025-08-13,-0.2402,-0.2433,0.0054
TCS.NS,2025-08-17,-0.2374,-0.2405,0.0054
TCS.NS,2025-08-18,-0.2386,-0.2418,0.0054
TCS.NS,2025-08-19,-0.2589,-0.2619,0.0052
TCS.NS,2025-08-20,-0.2598,-0.2629,0.0052
TCS.NS,2025-08-21,-0.2481,-0.2511,0.0053
TCS.NS,2025-08-24,-0.2688,-0.2718,0.0052
TCS.NS,2025-08-25,-0.2726,-0.2756,0.0051
TCS.NS,2025-08-27,-0.2577,-0.2608,0.0052
TCS.NS,2025-08-28,-0.2556,-0.2586,0.0052
TCS.NS,2025-08-31,-0.2622,-0.2652,0.0052
TCS.NS,2025-09-01,-0.262,-0.265,0.0052
TCS.NS,2025-09-02,-0.2586,-0.2617,0.0052
TCS.NS,2025-09-03,-0.2582,-0.2612,0.0052
TCS.NS,2025-09-04,-0.2467,-0.2497,0.0053
TCS.NS,2025-09-07,-0.2394,-0.2425,0.0054
TCS.NS,2025-09-08,-0.2469,-0.25,0.0053
TCS.NS,2025-09-09,-0.2616,-0.2646,0.0052
TCS.NS,2025-09-10,-0.265,-0.268,0.0052
TCS.NS,2025-09-11,-0.2671,-0.2701,0.0052
TCS.NS,2025-09-14,-0.2621,-0.2651,0.0052
TCS.NS,2025-09-15,-0.27,-0.273,0.0051
TCS.NS,2025-09-16,-0.2762,-0.2792,0.0051
TCS.NS,2025-09-17,-0.2771,-0.2801,0.0051
TCS.NS,2025-09-18,-0.2754,-0.2784,0.0051
TCS.NS,2025-09-21,-0.2529,-0.256,0.0053
TCS.NS,2025-09-22,-0.2501,-0.2532,0.0053
TCS.NS,2025-09-23,-0.2435,-0.2466,0.0053
TCS.NS,2025-09-24,-0.2235,-0.2267,0.0055
TCS.NS,2025-09-25,-0.2079,-0.2111,0.0056
TCS.NS,2025-09-28,-0.2071,-0.2103,0.0056
TCS.NS,2025-09-29,-0.205,-0.2082,0.0056
TCS.NS,2025-09-30,-0.212,-0.2152,0.0056
TCS.NS,2025-10-02,-0.2087,-0.2119,0.0056
TCS.NS,2025-10-05,-0.2316,-0.2347,0.0054
TCS.NS,2025-10-06,-0.2278,-0.2309,0.0054
TCS.NS,2025-10-07,-0.2414,-0.2445,0.0053
TCS.NS,2025-10-08,-0.25,-0.253,0.0053
TCS.NS,2025-10-09,-0.2417,-0.2448,0.0053
TCS.NS,2025-10-12,-0.2364,-0.2395,0.0054
TCS.NS,2025-10-13,-0.2243,-0.2274,0.0055
TCS.NS,2025-10-14,-0.2296,-0.2328,0.0054
TCS.NS,2025-10-15,-0.2299,-0.233,0.0054
TCS.NS,2025-10-16,-0.2276,-0.2308,0.0054
TCS.NS,2025-10-19,-0.2412,-0.2443,0.0053
TCS.NS,2025-10-20,-0.2391,-0.2422,0.0054
TCS.NS,2025-10-22,-0.2555,-0.2586,0.0052
TCS.NS,2025-10-23,-0.2531,-0.2562,0.0053
TCS.NS,2025-10-26,-0.2584,-0.2614,0.0052
TCS.NS,2025-10-27,-0.2518,-0.2549,0.0053
TCS.NS,2025-10-28,-0.2517,-0.2548,0.0053
TCS.NS,2025-10-29,-0.2462,-0.2493,0.0053
TCS.NS,2025-10-30,-0.2518,-0.2549,0.0053
TCS.NS,2025-11-02,-0.2416,-0.2447,0.0053
TCS.NS,2025-11-03,-0.2349,-0.238,0.0054
TCS.NS,2025-11-05,-0.2401,-0.2432,0.0054
TCS.NS,2025-11-06,-0.2353,-0.2384,0.0054
TCS.NS,2025-11-09,-0.2437,-0.2468,0.0053
TCS.NS,2025-11-10,-0.2491,-0.2522,0.0053
TCS.NS,2025-11-11,-0.2695,-0.2725,0.0052
TCS.NS,2025-11-12,-0.2633,-0.2663,0.0052
TCS.NS,2025-11-13,-0.2634,-0.2664,0.0052
TCS.NS,2025-11-16,-0.2625,-0.2655,0.0052
TCS.NS,2025-11-17,-0.2589,-0.2619,0.0052
TCS.NS,2025-11-18,-0.2732,-0.2761,0.0051
TCS.NS,2025-11-19,-0.2725,-0.2755,0.0051
TCS.NS,2025-11-20,-0.2738,-0.2768,0.0051
TCS.NS,2025-11-23,-0.2717,-0.2746,0.0051
TCS.NS,2025-11-24,-0.2665,-0.2695,0.0052
TCS.NS,2025-11-25,-0.2767,-0.2796,0.0051
TCS.NS,2025-11-26,-0.2706,-0.2736,0.0051
TCS.NS,2025-11-27,-0.2708,-0.2738,0.0051
TCS.NS,2025-11-30,-0.2698,-0.2728,0.0051
TCS.NS,2025-12-01,-0.2704,-0.2734,0.0051
TCS.NS,2025-12-02,-0.2805,-0.2835,0.0051
TCS.NS,2025-12-03,-0.2915,-0.2944,0.005
TCS.NS,2025-12-04,-0.2935,-0.2964,0.005
TCS.NS,2025-12-07,-0.2931,-0.296,0.005
TCS.NS,2025-12-08,-0.2869,-0.2898,0.005
TCS.NS,2025-12-09,-0.2826,-0.2856,0.0051
TCS.NS,2025-12-10,-0.2832,-0.2862,0.0051
TCS.NS,2025-12-11,-0.2896,-0.2925,0.005
TCS.NS,2025-12-14,-0.2917,-0.2946,0.005
TCS.NS,2025-12-15,-0.2862,-0.2891,0.005
TCS.NS,2025-12-16,-0.289,-0.2919,0.005
TCS.NS,2025-12-17,-0.3026,-0.3055,0.0049
TCS.NS,2025-12-18,-0.3029,-0.3058,0.0049
TCS.NS,2025-12-21,-0.3119,-0.3147,0.0049
TCS.NS,2025-12-22,-0.3088,-0.3116,0.0049
TCS.NS,2025-12-23,-0.3107,-0.3135,0.0049
TCS.NS,2025-12-25,-0.3025,-0.3053,0.0049
TCS.NS,2025-12-28,-0.2964,-0.2992,0.005
TCS.NS,2025-12-29,-0.2953,-0.2982,0.005
TCS.NS,2025-12-30,-0.2864,-0.2893,0.005
TCS.NS,2025-12-31,-0.2911,-0.294,0.005
TCS.NS,2026-01-01,-0.2962,-0.2991,0.005
TCS.NS,2026-01-04,-0.2886,-0.2915,0.005
TCS.NS,2026-01-05,-0.2973,-0.3002,0.005
TCS.NS,2026-01-06,-0.3058,-0.3086,0.0049
TCS.NS,2026-01-07,-0.2859,-0.2888,0.005
TCS.NS,2026-01-08,-0.2868,-0.2897,0.005
TCS.NS,2026-01-11,-0.2938,-0.2967,0.005
TCS.NS,2026-01-12,-0.2999,-0.3028,0.0049
TCS.NS,2026-01-13,-0.2834,-0.2863,0.0051
TCS.NS,2026-01-14,-0.2834,-0.2863,0.0051
TCS.NS,2026-01-15,-0.2993,-0.3021,0.0049
TCS.NS,2026-01-18,-0.2897,-0.2926,0.005
TCS.NS,2026-01-19,-0.2757,-0.2787,0.0051
TCS.NS,2026-01-20,-0.2804,-0.2833,0.0051
TCS.NS,2026-01-21,-0.2868,-0.2897,0.005
TCS.NS,2026-01-22,-0.2895,-0.2924,0.005
TCS.NS,2026-01-26,-0.2885,-0.2914,0.005
TCS.NS,2026-01-27,-0.2978,-0.3007,0.005
TCS.NS,2026-01-28,-0.2854,-0.2883,0.005
TCS.NS,2026-01-29,-0.2807,-0.2836,0.0051
TCS.NS,2026-02-01,-0.2911,-0.294,0.005
TCS.NS,2026-02-02,-0.3033,-0.3062,0.0049
TCS.NS,2026-02-03,-0.2508,-0.2538,0.0053
TCS.NS,2026-02-04,-0.2489,-0.2519,0.0053
TCS.NS,2026-02-05,-0.2361,-0.2392,0.0054
TCS.NS,2026-02-08,-0.2378,-0.2409,0.0054
TCS.NS,2026-02-09,-0.2471,-0.2502,0.0053
TCS.NS,2026-02-10,-0.2278,-0.2309,0.0054
TCS.NS,2026-02-11,-0.1829,-0.1863,0.0058
TCS.NS,2026-02-12,-0.1654,-0.1688,0.0059
TCS.NS,2026-02-15,-0.1698,-0.1732,0.0059
TCS.NS,2026-02-16,-0.1731,-0.1765,0.0058
TCS.NS,2026-02-17,-0.1662,-0.1696,0.0059
TCS.NS,2026-02-18,-0.1609,-0.1643,0.0059
TCS.NS,2026-02-19,-0.1635,-0.1669,0.0059
TCS.NS,2026-02-22,-0.1604,-0.1638,0.0059
TCS.NS,2026-02-23,-0.1269,-0.1305,0.0062
TCS.NS,2026-02-24,-0.1454,-0.1489,0.006
TCS.NS,2026-02-25,-0.1513,-0.1548,0.006
TCS.NS,2026-02-26,-0.148,-0.1515,0.006
TCS.NS,2026-03-01,-0.1402,-0.1437,0.0061
TCS.NS,2026-03-03,-0.1317,-0.1352,0.0061
TCS.NS,2026-03-04,-0.1287,-0.1322,0.0061
TCS.NS,2026-03-05,-0.1214,-0.125,0.0062
TCS.NS,2026-03-08,-0.1109,-0.1146,0.0063
TCS.NS,2026-03-09,-0.1059,-0.1095,0.0063
TCS.NS,2026-03-10,-0.0884,-0.0921,0.0064
TCS.NS,2026-03-11,-0.08,-0.0838,0.0065
TCS.NS,2026-03-12,-0.0678,-0.0716,0.0066
TCS.NS,2026-03-15,-0.0673,-0.0711,0.0066
TCS.NS,2026-03-16,-0.0605,-0.0643,0.0066
TCS.NS,2026-03-17,-0.0794,-0.0832,0.0065
TCS.NS,2026-03-18,-0.0463,-0.0502,0.0067
TCS.NS,2026-03-19,-0.0601,-0.0639,0.0066
TCS.NS,2026-03-22,-0.0574,-0.0612,0.0066
TCS.NS,2026-03-23,-0.0633,-0.0671,0.0066
TCS.NS,2026-03-24,-0.0548,-0.0587,0.0067
TCS.NS,2026-03-26,-0.0597,-0.0636,0.0066
TCS.NS,2026-03-29,-0.0474,-0.0513,0.0067
TCS.NS,2026-03-31,-0.0669,-0.0707,0.0066
TCS.NS,2026-04-01,-0.0831,-0.0869,0.0065
TCS.NS,2026-04-05,-0.0917,-0.0954,0.0064
TCS.NS,2026-04-06,-0.1153,-0.1189,0.0062
TCS.NS,2026-04-07,-0.122,-0.1256,0.0062
TCS.NS,2026-04-08,-0.1321,-0.1356,0.0061
TCS.NS,2026-04-09,-0.1098,-0.1135,0.0063
TCS.NS,2026-04-12,-0.0912,-0.0949,0.0064
TCS.NS,2026-04-14,-0.1205,-0.1241,0.0062
TCS.NS,2026-04-15,-0.128,-0.1316,0.0061
TCS.NS,2026-04-16,-0.1296,-0.1331,0.0061
TCS.NS,2026-04-19,-0.1289,-0.1325,0.0061
TCS.NS,2026-04-20,-0.1392,-0.1428,0.0061
TCS.NS,2026-04-21,-0.1148,-0.1184,0.0062
TCS.NS,2026-04-22,-0.109,-0.1126,0.0063
TCS.NS,2026-04-23,-0.0625,-0.0664,0.0066
TCS.NS,2026-04-26,-0.0819,-0.0857,0.0065
TCS.NS,2026-04-27,-0.0809,-0.0846,0.0065
TCS.NS,2026-04-28,-0.092,-0.0957,0.0064
TCS.NS,2026-04-29,-0.0917,-0.0954,0.0064
TCS.NS,2026-04-30,-0.0917,-0.0954,0.0064
TCS.NS,2026-05-03,-0.0758,-0.0796,0.0065
TCS.NS,2026-05-04,-0.0743,-0.0781,0.0065
TCS.NS,2026-05-05,-0.0774,-0.0811,0.0065
TCS.NS,2026-05-06,-0.0643,-0.0681,0.0066
TCS.NS,2026-05-07,-0.0616,-0.0654,0.0066
TCS.NS,2026-05-10,-0.061,-0.0648,0.0066
TCS.NS,2026-05-11,-0.0232,-0.0272,0.0069
TCS.NS,2026-05-12,-0.0113,-0.0154,0.007
TCS.NS,2026-05-13,0.0005,-0.0036,0.0071
TCS.NS,2026-05-14,-0.0075,-0.0116,0.007
TCS.NS,2026-05-17,-0.0158,-0.0199,0.0069
TCS.NS,2026-05-18,-0.0344,-0.0384,0.0068
TCS.NS,2026-05-19,-0.0345,-0.0385,0.0068
TCS.NS,2026-05-20,-0.0345,-0.0384,0.0068
TCS.NS,2026-05-21,-0.0303,-0.0343,0.0068
TCS.NS,2026-05-24,-0.0395,-0.0435,0.0068
HDFCBANK.NS,2025-05-22,-0.1947,-0.1963,0.0022
HDFCBANK.NS,2025-05-25,-0.1974,-0.1991,0.0022
HDFCBANK.NS,2025-05-26,-0.1916,-0.1933,0.0022
HDFCBANK.NS,2025-05-27,-0.1904,-0.1921,0.0022
HDFCBANK.NS,2025-05-28,-0.1921,-0.1938,0.0022
HDFCBANK.NS,2025-05-29,-0.1993,-0.201,0.0022
HDFCBANK.NS,2025-06-01,-0.194,-0.1957,0.0022
HDFCBANK.NS,2025-06-02,-0.1909,-0.1926,0.0022
HDFCBANK.NS,2025-06-03,-0.1978,-0.1995,0.0022
HDFCBANK.NS,2025-06-04,-0.2013,-0.2029,0.0022
HDFCBANK.NS,2025-06-05,-0.213,-0.2147,0.0022
HDFCBANK.NS,2025-06-08,-0.2131,-0.2147,0.0022
HDFCBANK.NS,2025-06-09,-0.2077,-0.2093,0.0022
HDFCBANK.NS,2025-06-10,-0.2016,-0.2033,0.0022
HDFCBANK.NS,2025-06-11,-0.1987,-0.2004,0.0022
HDFCBANK.NS,2025-06-12,-0.1879,-0.1896,0.0023
HDFCBANK.NS,2025-06-15,-0.1954,-0.1971,0.0022
HDFCBANK.NS,2025-06-16,-0.193,-0.1947,0.0022
HDFCBANK.NS,2025-06-17,-0.1948,-0.1965,0.0022
HDFCBANK.NS,2025-06-18,-0.1954,-0.197,0.0022
HDFCBANK.NS,2025-06-19,-0.2074,-0.2091,0.0022
HDFCBANK.NS,2025-06-22,-0.2008,-0.2024,0.0022
HDFCBANK.NS,2025-06-23,-0.2059,-0.2075,0.0022
HDFCBANK.NS,2025-06-24,-0.2136,-0.2152,0.0022
HDFCBANK.NS,2025-06-25,-0.2298,-0.2314,0.0021
HDFCBANK.NS,2025-06-26,-0.2356,-0.2372,0.0021
HDFCBANK.NS,2025-06-29,-0.2305,-0.232,0.0021
HDFCBANK.NS,2025-06-30,-0.2345,-0.2361,0.0021
HDFCBANK.NS,2025-07-01,-0.2244,-0.2261,0.0022
HDFCBANK.NS,2025-07-02,-0.2249,-0.2265,0.0021
HDFCBANK.NS,2025-07-03,-0.2257,-0.2273,0.0021
HDFCBANK.NS,2025-07-06,-0.225,-0.2266,0.0021
HDFCBANK.NS,2025-07-07,-0.2304,-0.232,0.0021
HDFCBANK.NS,2025-07-08,-0.2342,-0.2358,0.0021
HDFCBANK.NS,2025-07-09,-0.2323,-0.2338,0.0021
HDFCBANK.NS,2025-07-10,-0.2236,-0.2252,0.0022
HDFCBANK.NS,2025-07-13,-0.2233,-0.2249,0.0022
HDFCBANK.NS,2025-07-14,-0.2281,-0.2297,0.0021
HDFCBANK.NS,2025-07-15,-0.2285,-0.23,0.0021
HDFCBANK.NS,2025-07-16,-0.2248,-0.2264,0.0021
HDFCBANK.NS,2025-07-17,-0.2131,-0.2147,0.0022
HDFCBANK.NS,2025-07-20,-0.2301,-0.2317,0.0021
HDFCBANK.NS,2025-07-21,-0.2326,-0.2342,0.0021
HDFCBANK.NS,2025-07-22,-0.2391,-0.2407,0.0021
HDFCBANK.NS,2025-07-23,-0.2353,-0.2369,0.0021
HDFCBANK.NS,2025-07-24,-0.2336,-0.2351,0.0021
HDFCBANK.NS,2025-07-27,-0.235,-0.2366,0.0021
HDFCBANK.NS,2025-07-28,-0.24,-0.2416,0.0021
HDFCBANK.NS,2025-07-29,-0.2416,-0.2431,0.0021
HDFCBANK.NS,2025-07-30,-0.2387,-0.2403,0.0021
HDFCBANK.NS,2025-07-31,-0.2364,-0.238,0.0021
HDFCBANK.NS,2025-08-03,-0.2287,-0.2303,0.0021
HDFCBANK.NS,2025-08-04,-0.2231,-0.2247,0.0022
HDFCBANK.NS,2025-08-05,-0.2261,-0.2277,0.0021
HDFCBANK.NS,2025-08-06,-0.23,-0.2316,0.0021
HDFCBANK.NS,2025-08-07,-0.2216,-0.2232,0.0022
HDFCBANK.NS,2025-08-10,-0.2301,-0.2317,0.0021
HDFCBANK.NS,2025-08-11,-0.2201,-0.2217,0.0022
HDFCBANK.NS,2025-08-12,-0.2241,-0.2258,0.0022
HDFCBANK.NS,2025-08-13,-0.2284,-0.23,0.0021
HDFCBANK.NS,2025-08-17,-0.2332,-0.2348,0.0021
HDFCBANK.NS,2025-08-18,-0.2284,-0.23,0.0021
HDFCBANK.NS,2025-08-19,-0.2272,-0.2288,0.0021
HDFCBANK.NS,2025-08-20,-0.2284,-0.23,0.0021
HDFCBANK.NS,2025-08-21,-0.2179,-0.2196,0.0022
HDFCBANK.NS,2025-08-24,-0.2177,-0.2194,0.0022
HDFCBANK.NS,2025-08-25,-0.2108,-0.2124,0.0022
HDFCBANK.NS,2025-08-27,-0.1979,-0.1996,0.0022
HDFCBANK.NS,2025-08-28,-0.1927,-0.1944,0.0022
HDFCBANK.NS,2025-08-31,-0.1919,-0.1935,0.0022
HDFCBANK.NS,2025-09-01,-0.1866,-0.1883,0.0023
HDFCBANK.NS,2025-09-02,-0.1951,-0.1968,0.0022
HDFCBANK.NS,2025-09-03,-0.2008,-0.2025,0.0022
HDFCBANK.NS,2025-09-04,-0.2026,-0.2043,0.0022
HDFCBANK.NS,2025-09-07,-0.2048,-0.2064,0.0022
HDFCBANK.NS,2025-09-08,-0.2041,-0.2057,0.0022
HDFCBANK.NS,2025-09-09,-0.2047,-0.2063,0.0022
HDFCBANK.NS,2025-09-10,-0.2062,-0.2079,0.0022
HDFCBANK.NS,2025-09-11,-0.2058,-0.2075,0.0022
HDFCBANK.NS,2025-09-14,-0.2056,-0.2073,0.0022
HDFCBANK.NS,2025-09-15,-0.2055,-0.2071,0.0022
HDFCBANK.NS,2025-09-16,-0.2052,-0.2068,0.0022
HDFCBANK.NS,2025-09-17,-0.2136,-0.2153,0.0022
HDFCBANK.NS,2025-09-18,-0.2055,-0.2071,0.0022
HDFCBANK.NS,2025-09-21,-0.2033,-0.2049,0.0022
HDFCBANK.NS,2025-09-22,-0.1974,-0.1991,0.0022
HDFCBANK.NS,2025-09-23,-0.1923,-0.1939,0.0022
HDFCBANK.NS,2025-09-24,-0.1912,-0.1929,0.0022
HDFCBANK.NS,2025-09-25,-0.1871,-0.1888,0.0023
HDFCBANK.NS,2025-09-28,-0.1916,-0.1933,0.0022
HDFCBANK.NS,2025-09-29,-0.1922,-0.1939,0.0022
HDFCBANK.NS,2025-09-30,-0.2041,-0.2058,0.0022
HDFCBANK.NS,2025-10-02,-0.2041,-0.2057,0.0022
HDFCBANK.NS,2025-10-05,-0.2108,-0.2125,0.0022
HDFCBANK.NS,2025-10-06,-0.2181,-0.2197,0.0022
HDFCBANK.NS,2025-10-07,-0.2151,-0.2167,0.0022
HDFCBANK.NS,2025-10-08,-0.2138,-0.2154,0.0022
HDFCBANK.NS,2025-10-09,-0.2168,-0.2185,0.0022
HDFCBANK.NS,2025-10-12,-0.2137,-0.2153,0.0022
HDFCBANK.NS,2025-10-13,-0.2138,-0.2155,0.0022
HDFCBANK.NS,2025-10-14,-0.2147,-0.2163,0.0022
HDFCBANK.NS,2025-10-15,-0.2274,-0.229,0.0021
HDFCBANK.NS,2025-10-16,-0.2337,-0.2353,0.0021
HDFCBANK.NS,2025-10-19,-0.234,-0.2356,0.0021
HDFCBANK.NS,2025-10-20,-0.2377,-0.2392,0.0021
HDFCBANK.NS,2025-10-22,-0.2385,-0.2401,0.0021
HDFCBANK.NS,2025-10-23,-0.2277,-0.2293,0.0021
HDFCBANK.NS,2025-10-26,-0.234,-0.2356,0.0021
HDFCBANK.NS,2025-10-27,-0.2345,-0.2361,0.0021
HDFCBANK.NS,2025-10-28,-0.2378,-0.2394,0.0021
HDFCBANK.NS,2025-10-29,-0.2304,-0.232,0.0021
HDFCBANK.NS,2025-10-30,-0.2219,-0.2235,0.0022
HDFCBANK.NS,2025-11-02,-0.2261,-0.2277,0.0021
HDFCBANK.NS,2025-11-03,-0.2203,-0.2219,0.0022
HDFCBANK.NS,2025-11-05,-0.2198,-0.2214,0.0022
HDFCBANK.NS,2025-11-06,-0.2179,-0.2196,0.0022
HDFCBANK.NS,2025-11-09,-0.2197,-0.2213,0.0022
HDFCBANK.NS,2025-11-10,-0.2254,-0.227,0.0021
HDFCBANK.NS,2025-11-11,-0.2236,-0.2252,0.0022
HDFCBANK.NS,2025-11-12,-0.2214,-0.223,0.0022
HDFCBANK.NS,2025-11-13,-0.2237,-0.2253,0.0022
HDFCBANK.NS,2025-11-16,-0.2291,-0.2307,0.0021
HDFCBANK.NS,2025-11-17,-0.2259,-0.2275,0.0021
HDFCBANK.NS,2025-11-18,-0.2276,-0.2292,0.0021
HDFCBANK.NS,2025-11-19,-0.2385,-0.2401,0.0021
HDFCBANK.NS,2025-11-20,-0.2303,-0.2319,0.0021
HDFCBANK.NS,2025-11-23,-0.2311,-0.2327,0.0021
HDFCBANK.NS,2025-11-24,-0.2239,-0.2255,0.0022
HDFCBANK.NS,2025-11-25,-0.2348,-0.2364,0.0021
HDFCBANK.NS,2025-11-26,-0.239,-0.2406,0.0021
HDFCBANK.NS,2025-11-27,-0.2376,-0.2392,0.0021
HDFCBANK.NS,2025-11-30,-0.2334,-0.235,0.0021
HDFCBANK.NS,2025-12-01,-0.2239,-0.2255,0.0022
HDFCBANK.NS,2025-12-02,-0.2322,-0.2338,0.0021
HDFCBANK.NS,2025-12-03,-0.2296,-0.2312,0.0021
HDFCBANK.NS,2025-12-04,-0.2343,-0.2359,0.0021
HDFCBANK.NS,2025-12-07,-0.2342,-0.2357,0.0021
HDFCBANK.NS,2025-12-08,-0.2296,-0.2312,0.0021
HDFCBANK.NS,2025-12-09,-0.2239,-0.2255,0.0022
HDFCBANK.NS,2025-12-10,-0.232,-0.2336,0.0021
HDFCBANK.NS,2025-12-11,-0.2329,-0.2345,0.0021
HDFCBANK.NS,2025-12-14,-0.2288,-0.2304,0.0021
HDFCBANK.NS,2025-12-15,-0.2274,-0.229,0.0021
HDFCBANK.NS,2025-12-16,-0.2193,-0.2209,0.0022
HDFCBANK.NS,2025-12-17,-0.2159,-0.2175,0.0022
HDFCBANK.NS,2025-12-18,-0.2205,-0.2221,0.0022
HDFCBANK.NS,2025-12-21,-0.2222,-0.2238,0.0022
HDFCBANK.NS,2025-12-22,-0.2292,-0.2308,0.0021
HDFCBANK.NS,2025-12-23,-0.2296,-0.2312,0.0021
HDFCBANK.NS,2025-12-25,-0.2257,-0.2273,0.0021
HDFCBANK.NS,2025-12-28,-0.2254,-0.227,0.0021
HDFCBANK.NS,2025-12-29,-0.2247,-0.2263,0.0021
HDFCBANK.NS,2025-12-30,-0.225,-0.2266,0.0021
HDFCBANK.NS,2025-12-31,-0.2249,-0.2265,0.0021
HDFCBANK.NS,2026-01-01,-0.233,-0.2346,0.0021
HDFCBANK.NS,2026-01-04,-0.2141,-0.2157,0.0022
HDFCBANK.NS,2026-01-05,-0.2016,-0.2033,0.0022
HDFCBANK.NS,2026-01-06,-0.1905,-0.1922,0.0022
HDFCBANK.NS,2026-01-07,-0.1885,-0.1902,0.0022
HDFCBANK.NS,2026-01-08,-0.1819,-0.1836,0.0023
HDFCBANK.NS,2026-01-11,-0.1801,-0.1818,0.0023
HDFCBANK.NS,2026-01-12,-0.1804,-0.1821,0.0023
HDFCBANK.NS,2026-01-13,-0.1699,-0.1716,0.0023
HDFCBANK.NS,2026-01-14,-0.1699,-0.1716,0.0023
HDFCBANK.NS,2026-01-15,-0.1749,-0.1767,0.0023
HDFCBANK.NS,2026-01-18,-0.1721,-0.1738,0.0023
HDFCBANK.NS,2026-01-19,-0.175,-0.1767,0.0023
HDFCBANK.NS,2026-01-20,-0.1653,-0.167,0.0023
HDFCBANK.NS,2026-01-21,-0.1638,-0.1655,0.0023
HDFCBANK.NS,2026-01-22,-0.1614,-0.1632,0.0023
HDFCBANK.NS,2026-01-26,-0.1708,-0.1725,0.0023
HDFCBANK.NS,2026-01-27,-0.1764,-0.1781,0.0023
HDFCBANK.NS,2026-01-28,-0.1788,-0.1805,0.0023
HDFCBANK.NS,2026-01-29,-0.1733,-0.175,0.0023
HDFCBANK.NS,2026-02-01,-0.1723,-0.174,0.0023
HDFCBANK.NS,2026-02-02,-0.1902,-0.1919,0.0022
HDFCBANK.NS,2026-02-03,-0.194,-0.1957,0.0022
HDFCBANK.NS,2026-02-04,-0.1911,-0.1928,0.0022
HDFCBANK.NS,2026-02-05,-0.1837,-0.1854,0.0023
HDFCBANK.NS,2026-02-08,-0.1804,-0.1821,0.0023
HDFCBANK.NS,2026-02-09,-0.1761,-0.1778,0.0023
HDFCBANK.NS,2026-02-10,-0.1714,-0.1731,0.0023
HDFCBANK.NS,2026-02-11,-0.1655,-0.1673,0.0023
HDFCBANK.NS,2026-02-12,-0.1501,-0.1519,0.0024
HDFCBANK.NS,2026-02-15,-0.1702,-0.1719,0.0023
HDFCBANK.NS,2026-02-16,-0.1701,-0.1718,0.0023
HDFCBANK.NS,2026-02-17,-0.1692,-0.171,0.0023
HDFCBANK.NS,2026-02-18,-0.161,-0.1627,0.0023
HDFCBANK.NS,2026-02-19,-0.1575,-0.1593,0.0023
HDFCBANK.NS,2026-02-22,-0.1682,-0.17,0.0023
HDFCBANK.NS,2026-02-23,-0.1563,-0.158,0.0023
HDFCBANK.NS,2026-02-24,-0.1536,-0.1553,0.0023
HDFCBANK.NS,2026-02-25,-0.1451,-0.1469,0.0024
HDFCBANK.NS,2026-02-26,-0.1347,-0.1364,0.0024
HDFCBANK.NS,2026-03-01,-0.1264,-0.1282,0.0024
HDFCBANK.NS,2026-03-03,-0.1156,-0.1175,0.0025
HDFCBANK.NS,2026-03-04,-0.1248,-0.1266,0.0024
HDFCBANK.NS,2026-03-05,-0.1037,-0.1055,0.0025
HDFCBANK.NS,2026-03-08,-0.0862,-0.0881,0.0025
HDFCBANK.NS,2026-03-09,-0.0956,-0.0975,0.0025
HDFCBANK.NS,2026-03-10,-0.0788,-0.0807,0.0026
HDFCBANK.NS,2026-03-11,-0.0775,-0.0794,0.0026
HDFCBANK.NS,2026-03-12,-0.0597,-0.0617,0.0026
HDFCBANK.NS,2026-03-15,-0.0861,-0.088,0.0025
HDFCBANK.NS,2026-03-16,-0.0913,-0.0931,0.0025
HDFCBANK.NS,2026-03-17,-0.0888,-0.0907,0.0025
HDFCBANK.NS,2026-03-18,-0.0376,-0.0396,0.0027
HDFCBANK.NS,2026-03-19,-0.0157,-0.0177,0.0027
HDFCBANK.NS,2026-03-22,0.0323,0.0302,0.0029
HDFCBANK.NS,2026-03-23,0.0043,0.0022,0.0028
HDFCBANK.NS,2026-03-24,-0.018,-0.02,0.0027
HDFCBANK.NS,2026-03-26,0.0159,0.0138,0.0028
HDFCBANK.NS,2026-03-29,0.0501,0.0479,0.0029
HDFCBANK.NS,2026-03-31,0.035,0.0328,0.0029
HDFCBANK.NS,2026-04-01,0.0231,0.0209,0.0028
HDFCBANK.NS,2026-04-05,-0.0036,-0.0057,0.0028
HDFCBANK.NS,2026-04-06,-0.0049,-0.007,0.0028
HDFCBANK.NS,2026-04-07,-0.0587,-0.0606,0.0026
HDFCBANK.NS,2026-04-08,-0.037,-0.039,0.0027
HDFCBANK.NS,2026-04-09,-0.0519,-0.0539,0.0026
HDFCBANK.NS,2026-04-12,-0.0333,-0.0353,0.0027
HDFCBANK.NS,2026-04-14,-0.0515,-0.0534,0.0026
HDFCBANK.NS,2026-04-15,-0.0342,-0.0362,0.0027
HDFCBANK.NS,2026-04-16,-0.0396,-0.0416,0.0027
HDFCBANK.NS,2026-04-19,-0.0342,-0.0362,0.0027
HDFCBANK.NS,2026-04-20,-0.0536,-0.0556,0.0026
HDFCBANK.NS,2026-04-21,-0.0396,-0.0416,0.0027
HDFCBANK.NS,2026-04-22,-0.0206,-0.0226,0.0027
HDFCBANK.NS,2026-04-23,-0.0212,-0.0232,0.0027
HDFCBANK.NS,2026-04-26,-0.0273,-0.0293,0.0027
HDFCBANK.NS,2026-04-27,-0.0183,-0.0204,0.0027
HDFCBANK.NS,2026-04-28,-0.0139,-0.0159,0.0027
HDFCBANK.NS,2026-04-29,-0.0045,-0.0066,0.0028
HDFCBANK.NS,2026-04-30,-0.0045,-0.0066,0.0028
HDFCBANK.NS,2026-05-03,-0.0144,-0.0164,0.0027
HDFCBANK.NS,2026-05-04,-0.0053,-0.0074,0.0028
HDFCBANK.NS,2026-05-05,-0.0356,-0.0376,0.0027
HDFCBANK.NS,2026-05-06,-0.035,-0.037,0.0027
HDFCBANK.NS,2026-05-07,-0.0162,-0.0182,0.0027
HDFCBANK.NS,2026-05-10,0.006,0.0039,0.0028
HDFCBANK.NS,2026-05-11,0.0237,0.0215,0.0028
HDFCBANK.NS,2026-05-12,0.0248,0.0227,0.0028
HDFCBANK.NS,2026-05-13,-0.0017,-0.0038,0.0028
HDFCBANK.NS,2026-05-14,0.0009,-0.0011,0.0028
HDFCBANK.NS,2026-05-17,-0.0006,-0.0026,0.0028
HDFCBANK.NS,2026-05-18,0.0076,0.0055,0.0028
HDFCBANK.NS,2026-05-19,0.0115,0.0094,0.0028
HDFCBANK.NS,2026-05-20,0.0119,0.0098,0.0028
HDFCBANK.NS,2026-05-21,0.0018,-0.0002,0.0028
HDFCBANK.NS,2026-05-24,-0.0237,-0.0257,0.0027
INFY.NS,2025-05-22,-0.2787,-0.2806,0.0033
INFY.NS,2025-05-25,-0.2859,-0.2878,0.0032
INFY.NS,2025-05-26,-0.2812,-0.2831,0.0032
INFY.NS,2025-05-27,-0.2819,-0.2838,0.0032
INFY.NS,2025-05-28,-0.2882,-0.2901,0.0032
INFY.NS,2025-05-29,-0.2878,-0.2897,0.0032
INFY.NS,2025-06-01,-0.2837,-0.2856,0.0032
INFY.NS,2025-06-02,-0.2787,-0.2806,0.0033
INFY.NS,2025-06-03,-0.2825,-0.2844,0.0032
INFY.NS,2025-06-04,-0.2839,-0.2858,0.0032
INFY.NS,2025-06-05,-0.2883,-0.2902,0.0032
INFY.NS,2025-06-08,-0.2924,-0.2943,0.0032
INFY.NS,2025-06-09,-0.3026,-0.3045,0.0031
INFY.NS,2025-06-10,-0.3176,-0.3194,0.0031
INFY.NS,2025-06-11,-0.3081,-0.3099,0.0031
INFY.NS,2025-06-12,-0.3052,-0.3071,0.0031
INFY.NS,2025-06-15,-0.3146,-0.3164,0.0031
INFY.NS,2025-06-16,-0.3213,-0.3231,0.0031
INFY.NS,2025-06-17,-0.3184,-0.3202,0.0031
INFY.NS,2025-06-18,-0.3123,-0.3141,0.0031
INFY.NS,2025-06-19,-0.3142,-0.316,0.0031
INFY.NS,2025-06-22,-0.2973,-0.2992,0.0032
INFY.NS,2025-06-23,-0.2963,-0.2981,0.0032
INFY.NS,2025-06-24,-0.3108,-0.3126,0.0031
INFY.NS,2025-06-25,-0.3113,-0.3131,0.0031
INFY.NS,2025-06-26,-0.3078,-0.3097,0.0031
INFY.NS,2025-06-29,-0.3052,-0.307,0.0031
INFY.NS,2025-06-30,-0.3073,-0.3092,0.0031
INFY.NS,2025-07-01,-0.3089,-0.3107,0.0031
INFY.NS,2025-07-02,-0.3124,-0.3142,0.0031
INFY.NS,2025-07-03,-0.3216,-0.3234,0.0031
INFY.NS,2025-07-06,-0.3159,-0.3177,0.0031
INFY.NS,2025-07-07,-0.3208,-0.3226,0.0031
INFY.NS,2025-07-08,-0.3187,-0.3205,0.0031
INFY.NS,2025-07-09,-0.3112,-0.313,0.0031
INFY.NS,2025-07-10,-0.3021,-0.304,0.0031
INFY.NS,2025-07-13,-0.2912,-0.2931,0.0032
INFY.NS,2025-07-14,-0.2981,-0.2999,0.0032
INFY.NS,2025-07-15,-0.3078,-0.3096,0.0031
INFY.NS,2025-07-16,-0.2971,-0.299,0.0032
INFY.NS,2025-07-17,-0.2983,-0.3001,0.0032
INFY.NS,2025-07-20,-0.2975,-0.2993,0.0032
INFY.NS,2025-07-21,-0.2915,-0.2934,0.0032
INFY.NS,2025-07-22,-0.2931,-0.295,0.0032
INFY.NS,2025-07-23,-0.2831,-0.285,0.0032
INFY.NS,2025-07-24,-0.2657,-0.2676,0.0033
INFY.NS,2025-07-27,-0.2658,-0.2678,0.0033
INFY.NS,2025-07-28,-0.2647,-0.2667,0.0033
INFY.NS,2025-07-29,-0.2673,-0.2692,0.0033
INFY.NS,2025-07-30,-0.2624,-0.2644,0.0033
INFY.NS,2025-07-31,-0.2426,-0.2447,0.0034
INFY.NS,2025-08-03,-0.2482,-0.2502,0.0034
INFY.NS,2025-08-04,-0.2378,-0.2398,0.0034
INFY.NS,2025-08-05,-0.2253,-0.2274,0.0035
INFY.NS,2025-08-06,-0.2254,-0.2275,0.0035
INFY.NS,2025-08-07,-0.2179,-0.22,0.0035
INFY.NS,2025-08-10,-0.2207,-0.2228,0.0035
INFY.NS,2025-08-11,-0.2185,-0.2205,0.0035
INFY.NS,2025-08-12,-0.2198,-0.2219,0.0035
INFY.NS,2025-08-13,-0.2312,-0.2332,0.0035
INFY.NS,2025-08-17,-0.2248,-0.2269,0.0035
INFY.NS,2025-08-18,-0.2271,-0.2291,0.0035
INFY.NS,2025-08-19,-0.2561,-0.2581,0.0034
INFY.NS,2025-08-20,-0.2562,-0.2582,0.0034
INFY.NS,2025-08-21,-0.2518,-0.2537,0.0034
INFY.NS,2025-08-24,-0.2735,-0.2755,0.0033
INFY.NS,2025-08-25,-0.2724,-0.2743,0.0033
INFY.NS,2025-08-27,-0.258,-0.26,0.0033
INFY.NS,2025-08-28,-0.2426,-0.2447,0.0034
INFY.NS,2025-08-31,-0.2577,-0.2597,0.0033
INFY.NS,2025-09-01,-0.2574,-0.2593,0.0033
INFY.NS,2025-09-02,-0.2475,-0.2495,0.0034
INFY.NS,2025-09-03,-0.2392,-0.2412,0.0034
INFY.NS,2025-09-04,-0.2295,-0.2316,0.0035
INFY.NS,2025-09-07,-0.2233,-0.2253,0.0035
INFY.NS,2025-09-08,-0.2601,-0.2621,0.0033
INFY.NS,2025-09-09,-0.2738,-0.2757,0.0033
INFY.NS,2025-09-10,-0.2628,-0.2647,0.0033
INFY.NS,2025-09-11,-0.2704,-0.2724,0.0033
INFY.NS,2025-09-14,-0.2621,-0.2641,0.0033
INFY.NS,2025-09-15,-0.2635,-0.2655,0.0033
INFY.NS,2025-09-16,-0.2689,-0.2709,0.0033
INFY.NS,2025-09-17,-0.2776,-0.2795,0.0033
INFY.NS,2025-09-18,-0.2774,-0.2793,0.0033
INFY.NS,2025-09-21,-0.2578,-0.2597,0.0033
INFY.NS,2025-09-22,-0.2568,-0.2587,0.0033
INFY.NS,2025-09-23,-0.2553,-0.2573,0.0034
INFY.NS,2025-09-24,-0.2504,-0.2524,0.0034
INFY.NS,2025-09-25,-0.2318,-0.2339,0.0035
INFY.NS,2025-09-28,-0.228,-0.2301,0.0035
INFY.NS,2025-09-29,-0.228,-0.2301,0.0035
INFY.NS,2025-09-30,-0.2302,-0.2322,0.0035
INFY.NS,2025-10-02,-0.2306,-0.2326,0.0035
INFY.NS,2025-10-05,-0.2459,-0.2479,0.0034
INFY.NS,2025-10-06,-0.2369,-0.2389,0.0034
INFY.NS,2025-10-07,-0.2555,-0.2575,0.0034
INFY.NS,2025-10-08,-0.2626,-0.2645,0.0033
INFY.NS,2025-10-09,-0.2653,-0.2672,0.0033
INFY.NS,2025-10-12,-0.2546,-0.2566,0.0034
INFY.NS,2025-10-13,-0.253,-0.2549,0.0034
INFY.NS,2025-10-14,-0.2451,-0.2471,0.0034
INFY.NS,2025-10-15,-0.2436,-0.2456,0.0034
INFY.NS,2025-10-16,-0.2277,-0.2297,0.0035
INFY.NS,2025-10-19,-0.2381,-0.2402,0.0034
INFY.NS,2025-10-20,-0.2441,-0.2461,0.0034
INFY.NS,2025-10-22,-0.2718,-0.2738,0.0033
INFY.NS,2025-10-23,-0.2704,-0.2723,0.0033
INFY.NS,2025-10-26,-0.2714,-0.2733,0.0033
INFY.NS,2025-10-27,-0.2693,-0.2712,0.0033
INFY.NS,2025-10-28,-0.2742,-0.2761,0.0033
INFY.NS,2025-10-29,-0.2662,-0.2681,0.0033
INFY.NS,2025-10-30,-0.2605,-0.2624,0.0033
INFY.NS,2025-11-02,-0.2621,-0.264,0.0033
INFY.NS,2025-11-03,-0.2532,-0.2552,0.0034
INFY.NS,2025-11-05,-0.2526,-0.2546,0.0034
INFY.NS,2025-11-06,-0.2577,-0.2597,0.0033
INFY.NS,2025-11-09,-0.2757,-0.2776,0.0033
INFY.NS,2025-11-10,-0.2837,-0.2856,0.0032
INFY.NS,2025-11-11,-0.2935,-0.2954,0.0032
INFY.NS,2025-11-12,-0.289,-0.2909,0.0032
INFY.NS,2025-11-13,-0.2705,-0.2725,0.0033
INFY.NS,2025-11-16,-0.2729,-0.2748,0.0033
INFY.NS,2025-11-17,-0.2625,-0.2645,0.0033
INFY.NS,2025-11-18,-0.2887,-0.2906,0.0032
INFY.NS,2025-11-19,-0.2865,-0.2884,0.0032
INFY.NS,2025-11-20,-0.2905,-0.2923,0.0032
INFY.NS,2025-11-23,-0.2918,-0.2937,0.0032
INFY.NS,2025-11-24,-0.2838,-0.2857,0.0032
INFY.NS,2025-11-25,-0.2963,-0.2982,0.0032
INFY.NS,2025-11-26,-0.3002,-0.302,0.0032
INFY.NS,2025-11-27,-0.2973,-0.2992,0.0032
INFY.NS,2025-11-30,-0.2991,-0.3009,0.0032
INFY.NS,2025-12-01,-0.2977,-0.2996,0.0032
INFY.NS,2025-12-02,-0.3056,-0.3075,0.0031
INFY.NS,2025-12-03,-0.3138,-0.3156,0.0031
INFY.NS,2025-12-04,-0.3217,-0.3235,0.0031
INFY.NS,2025-12-07,-0.3195,-0.3213,0.0031
INFY.NS,2025-12-08,-0.3144,-0.3162,0.0031
INFY.NS,2025-12-09,-0.3083,-0.3101,0.0031
INFY.NS,2025-12-10,-0.314,-0.3158,0.0031
INFY.NS,2025-12-11,-0.3141,-0.3159,0.0031
INFY.NS,2025-12-14,-0.3178,-0.3196,0.0031
INFY.NS,2025-12-15,-0.3118,-0.3136,0.0031
INFY.NS,2025-12-16,-0.3157,-0.3175,0.0031
INFY.NS,2025-12-17,-0.3261,-0.3279,0.003
INFY.NS,2025-12-18,-0.331,-0.3328,0.003
INFY.NS,2025-12-21,-0.3512,-0.3529,0.0029
INFY.NS,2025-12-22,-0.3429,-0.3447,0.003
INFY.NS,2025-12-23,-0.341,-0.3427,0.003
INFY.NS,2025-12-25,-0.3381,-0.3398,0.003
INFY.NS,2025-12-28,-0.3335,-0.3352,0.003
INFY.NS,2025-12-29,-0.324,-0.3258,0.003
INFY.NS,2025-12-30,-0.3214,-0.3232,0.0031
INFY.NS,2025-12-31,-0.3274,-0.3292,0.003
INFY.NS,2026-01-01,-0.3317,-0.3335,0.003
INFY.NS,2026-01-04,-0.3176,-0.3194,0.0031
INFY.NS,2026-01-05,-0.32,-0.3218,0.0031
INFY.NS,2026-01-06,-0.3312,-0.3329,0.003
INFY.NS,2026-01-07,-0.3205,-0.3223,0.0031
INFY.NS,2026-01-08,-0.3208,-0.3226,0.0031
INFY.NS,2026-01-11,-0.3131,-0.3149,0.0031
INFY.NS,2026-01-12,-0.3144,-0.3162,0.0031
INFY.NS,2026-01-13,-0.3148,-0.3166,0.0031
INFY.NS,2026-01-14,-0.3148,-0.3166,0.0031
INFY.NS,2026-01-15,-0.3513,-0.353,0.0029
INFY.NS,2026-01-18,-0.348,-0.3497,0.0029
INFY.NS,2026-01-19,-0.3392,-0.3409,0.003
INFY.NS,2026-01-20,-0.3374,-0.3391,0.003
INFY.NS,2026-01-21,-0.341,-0.3428,0.003
INFY.NS,2026-01-22,-0.3439,-0.3456,0.003
INFY.NS,2026-01-26,-0.3485,-0.3503,0.0029
INFY.NS,2026-01-27,-0.3422,-0.3439,0.003
INFY.NS,2026-01-28,-0.3394,-0.3412,0.003
INFY.NS,2026-01-29,-0.332,-0.3337,0.003
INFY.NS,2026-02-01,-0.3272,-0.329,0.003
INFY.NS,2026-02-02,-0.338,-0.3398,0.003
INFY.NS,2026-02-03,-0.2862,-0.2881,0.0032
INFY.NS,2026-02-04,-0.2789,-0.2808,0.0032
INFY.NS,2026-02-05,-0.2726,-0.2746,0.0033
INFY.NS,2026-02-08,-0.2678,-0.2698,0.0033
INFY.NS,2026-02-09,-0.2681,-0.27,0.0033
INFY.NS,2026-02-10,-0.2552,-0.2572,0.0034
INFY.NS,2026-02-11,-0.2091,-0.2112,0.0036
INFY.NS,2026-02-12,-0.1993,-0.2014,0.0036
INFY.NS,2026-02-15,-0.1973,-0.1994,0.0036
INFY.NS,2026-02-16,-0.212,-0.2141,0.0036
INFY.NS,2026-02-17,-0.202,-0.2041,0.0036
INFY.NS,2026-02-18,-0.2001,-0.2022,0.0036
INFY.NS,2026-02-19,-0.1899,-0.192,0.0037
INFY.NS,2026-02-22,-0.1742,-0.1764,0.0037
INFY.NS,2026-02-23,-0.1406,-0.1428,0.0039
INFY.NS,2026-02-24,-0.1503,-0.1525,0.0038
INFY.NS,2026-02-25,-0.1496,-0.1519,0.0038
INFY.NS,2026-02-26,-0.1568,-0.159,0.0038
INFY.NS,2026-03-01,-0.1495,-0.1517,0.0038
INFY.NS,2026-03-03,-0.1615,-0.1637,0.0038
INFY.NS,2026-03-04,-0.1605,-0.1627,0.0038
INFY.NS,2026-03-05,-0.1622,-0.1644,0.0038
INFY.NS,2026-03-08,-0.1664,-0.1686,0.0038
INFY.NS,2026-03-09,-0.1539,-0.1561,0.0038
INFY.NS,2026-03-10,-0.1411,-0.1434,0.0039
INFY.NS,2026-03-11,-0.134,-0.1363,0.0039
INFY.NS,2026-03-12,-0.1218,-0.1242,0.004
INFY.NS,2026-03-15,-0.1229,-0.1252,0.004
INFY.NS,2026-03-16,-0.1109,-0.1132,0.004
INFY.NS,2026-03-17,-0.1349,-0.1371,0.0039
INFY.NS,2026-03-18,-0.102,-0.1044,0.004
INFY.NS,2026-03-19,-0.1271,-0.1295,0.0039
INFY.NS,2026-03-22,-0.1278,-0.1301,0.0039
INFY.NS,2026-03-23,-0.1424,-0.1447,0.0039
INFY.NS,2026-03-24,-0.143,-0.1452,0.0039
INFY.NS,2026-03-26,-0.1366,-0.1389,0.0039
INFY.NS,2026-03-29,-0.1234,-0.1258,0.004
INFY.NS,2026-03-31,-0.1407,-0.143,0.0039
INFY.NS,2026-04-01,-0.1573,-0.1595,0.0038
INFY.NS,2026-04-05,-0.1608,-0.163,0.0038
INFY.NS,2026-04-06,-0.1816,-0.1837,0.0037
INFY.NS,2026-04-07,-0.1857,-0.1878,0.0037
INFY.NS,2026-04-08,-0.1768,-0.1789,0.0037
INFY.NS,2026-04-09,-0.1519,-0.1541,0.0038
INFY.NS,2026-04-12,-0.1414,-0.1437,0.0039
INFY.NS,2026-04-14,-0.1602,-0.1624,0.0038
INFY.NS,2026-04-15,-0.169,-0.1712,0.0037
INFY.NS,2026-04-16,-0.1687,-0.1709,0.0037
INFY.NS,2026-04-19,-0.1648,-0.1671,0.0038
INFY.NS,2026-04-20,-0.1652,-0.1674,0.0038
INFY.NS,2026-04-21,-0.1359,-0.1382,0.0039
INFY.NS,2026-04-22,-0.1164,-0.1187,0.004
INFY.NS,2026-04-23,-0.0506,-0.0531,0.0043
INFY.NS,2026-04-26,-0.0633,-0.0658,0.0042
INFY.NS,2026-04-27,-0.0485,-0.051,0.0043
INFY.NS,2026-04-28,-0.0611,-0.0635,0.0042
INFY.NS,2026-04-29,-0.0724,-0.0749,0.0042
INFY.NS,2026-04-30,-0.0724,-0.0749,0.0042
INFY.NS,2026-05-03,-0.0618,-0.0643,0.0042
INFY.NS,2026-05-04,-0.0695,-0.072,0.0042
INFY.NS,2026-05-05,-0.0608,-0.0633,0.0042
INFY.NS,2026-05-06,-0.0572,-0.0597,0.0042
INFY.NS,2026-05-07,-0.0704,-0.0728,0.0042
INFY.NS,2026-05-10,-0.0686,-0.0711,0.0042
INFY.NS,2026-05-11,-0.0387,-0.0412,0.0043
INFY.NS,2026-05-12,-0.0239,-0.0265,0.0044
INFY.NS,2026-05-13,0.0011,-0.0015,0.0045
INFY.NS,2026-05-14,-0.0204,-0.0229,0.0044
INFY.NS,2026-05-17,-0.0405,-0.043,0.0043
INFY.NS,2026-05-18,-0.0841,-0.0865,0.0041
INFY.NS,2026-05-19,-0.0817,-0.0841,0.0041
INFY.NS,2026-05-20,-0.0719,-0.0744,0.0042
INFY.NS,2026-05-21,-0.0666,-0.0691,0.0042
INFY.NS,2026-05-24,-0.0619,-0.0643,0.0042
ICICIBANK.NS,2025-05-22,-0.1342,-0.1359,0.0037
ICICIBANK.NS,2025-05-25,-0.1406,-0.1423,0.0037
ICICIBANK.NS,2025-05-26,-0.1321,-0.1338,0.0038
ICICIBANK.NS,2025-05-27,-0.1366,-0.1383,0.0037
ICICIBANK.NS,2025-05-28,-0.1382,-0.1399,0.0037
ICICIBANK.NS,2025-05-29,-0.1318,-0.1335,0.0038
ICICIBANK.NS,2025-06-01,-0.1346,-0.1363,0.0037
ICICIBANK.NS,2025-06-02,-0.127,-0.1287,0.0038
ICICIBANK.NS,2025-06-03,-0.1228,-0.1245,0.0038
ICICIBANK.NS,2025-06-04,-0.1371,-0.1388,0.0037
ICICIBANK.NS,2025-06-05,-0.14,-0.1417,0.0037
ICICIBANK.NS,2025-06-08,-0.1251,-0.1268,0.0038
ICICIBANK.NS,2025-06-09,-0.1178,-0.1195,0.0038
ICICIBANK.NS,2025-06-10,-0.1228,-0.1245,0.0038
ICICIBANK.NS,2025-06-11,-0.1192,-0.121,0.0038
ICICIBANK.NS,2025-06-12,-0.1136,-0.1153,0.0038
ICICIBANK.NS,2025-06-15,-0.1203,-0.122,0.0038
ICICIBANK.NS,2025-06-16,-0.118,-0.1197,0.0038
ICICIBANK.NS,2025-06-17,-0.1114,-0.1131,0.0038
ICICIBANK.NS,2025-06-18,-0.1105,-0.1123,0.0038
ICICIBANK.NS,2025-06-19,-0.1204,-0.1221,0.0038
ICICIBANK.NS,2025-06-22,-0.1161,-0.1178,0.0038
ICICIBANK.NS,2025-06-23,-0.1185,-0.1203,0.0038
ICICIBANK.NS,2025-06-24,-0.1196,-0.1213,0.0038
ICICIBANK.NS,2025-06-25,-0.1277,-0.1295,0.0038
ICICIBANK.NS,2025-06-26,-0.1415,-0.1432,0.0037
ICICIBANK.NS,2025-06-29,-0.1318,-0.1335,0.0038
ICICIBANK.NS,2025-06-30,-0.1234,-0.1251,0.0038
ICICIBANK.NS,2025-07-01,-0.1208,-0.1226,0.0038
ICICIBANK.NS,2025-07-02,-0.1197,-0.1214,0.0038
ICICIBANK.NS,2025-07-03,-0.13,-0.1317,0.0038
ICICIBANK.NS,2025-07-06,-0.1257,-0.1274,0.0038
ICICIBANK.NS,2025-07-07,-0.1295,-0.1312,0.0038
ICICIBANK.NS,2025-07-08,-0.1233,-0.1251,0.0038
ICICIBANK.NS,2025-07-09,-0.1185,-0.1203,0.0038
ICICIBANK.NS,2025-07-10,-0.1172,-0.1189,0.0038
ICICIBANK.NS,2025-07-13,-0.1179,-0.1196,0.0038
ICICIBANK.NS,2025-07-14,-0.1227,-0.1244,0.0038
ICICIBANK.NS,2025-07-15,-0.12,-0.1217,0.0038
ICICIBANK.NS,2025-07-16,-0.1152,-0.1169,0.0038
ICICIBANK.NS,2025-07-17,-0.1196,-0.1213,0.0038
ICICIBANK.NS,2025-07-20,-0.1436,-0.1453,0.0037
ICICIBANK.NS,2025-07-21,-0.1482,-0.1498,0.0037
ICICIBANK.NS,2025-07-22,-0.1567,-0.1584,0.0036
ICICIBANK.NS,2025-07-23,-0.1538,-0.1555,0.0037
ICICIBANK.NS,2025-07-24,-0.1502,-0.1518,0.0037
ICICIBANK.NS,2025-07-27,-0.1566,-0.1583,0.0036
ICICIBANK.NS,2025-07-28,-0.1554,-0.157,0.0037
ICICIBANK.NS,2025-07-29,-0.1532,-0.1549,0.0037
ICICIBANK.NS,2025-07-30,-0.1526,-0.1543,0.0037
ICICIBANK.NS,2025-07-31,-0.147,-0.1487,0.0037
ICICIBANK.NS,2025-08-03,-0.1421,-0.1438,0.0037
ICICIBANK.NS,2025-08-04,-0.1309,-0.1326,0.0038
ICICIBANK.NS,2025-08-05,-0.1305,-0.1322,0.0038
ICICIBANK.NS,2025-08-06,-0.1285,-0.1302,0.0038
ICICIBANK.NS,2025-08-07,-0.1258,-0.1275,0.0038
ICICIBANK.NS,2025-08-10,-0.1262,-0.1279,0.0038
ICICIBANK.NS,2025-08-11,-0.124,-0.1257,0.0038
ICICIBANK.NS,2025-08-12,-0.1233,-0.125,0.0038
ICICIBANK.NS,2025-08-13,-0.1273,-0.129,0.0038
ICICIBANK.NS,2025-08-17,-0.1317,-0.1334,0.0038
ICICIBANK.NS,2025-08-18,-0.1327,-0.1344,0.0038
ICICIBANK.NS,2025-08-19,-0.1293,-0.131,0.0038
ICICIBANK.NS,2025-08-20,-0.1385,-0.1402,0.0037
ICICIBANK.NS,2025-08-21,-0.1328,-0.1345,0.0038
ICICIBANK.NS,2025-08-24,-0.1308,-0.1326,0.0038
ICICIBANK.NS,2025-08-25,-0.1207,-0.1224,0.0038
ICICIBANK.NS,2025-08-27,-0.1097,-0.1114,0.0039
ICICIBANK.NS,2025-08-28,-0.1088,-0.1106,0.0039
ICICIBANK.NS,2025-08-31,-0.1172,-0.1189,0.0038
ICICIBANK.NS,2025-09-01,-0.1065,-0.1083,0.0039
ICICIBANK.NS,2025-09-02,-0.1083,-0.1101,0.0039
ICICIBANK.NS,2025-09-03,-0.1137,-0.1155,0.0038
ICICIBANK.NS,2025-09-04,-0.112,-0.1138,0.0038
ICICIBANK.NS,2025-09-07,-0.1119,-0.1137,0.0038
ICICIBANK.NS,2025-09-08,-0.1126,-0.1143,0.0038
ICICIBANK.NS,2025-09-09,-0.1127,-0.1145,0.0038
ICICIBANK.NS,2025-09-10,-0.1113,-0.113,0.0038
ICICIBANK.NS,2025-09-11,-0.1213,-0.1231,0.0038
ICICIBANK.NS,2025-09-14,-0.1224,-0.1241,0.0038
ICICIBANK.NS,2025-09-15,-0.1238,-0.1255,0.0038
ICICIBANK.NS,2025-09-16,-0.1223,-0.124,0.0038
ICICIBANK.NS,2025-09-17,-0.1238,-0.1255,0.0038
ICICIBANK.NS,2025-09-18,-0.1116,-0.1134,0.0038
ICICIBANK.NS,2025-09-21,-0.1112,-0.1129,0.0038
ICICIBANK.NS,2025-09-22,-0.1066,-0.1084,0.0039
ICICIBANK.NS,2025-09-23,-0.0991,-0.1009,0.0039
ICICIBANK.NS,2025-09-24,-0.0946,-0.0964,0.0039
ICICIBANK.NS,2025-09-25,-0.0838,-0.0856,0.004
ICICIBANK.NS,2025-09-28,-0.076,-0.0778,0.004
ICICIBANK.NS,2025-09-29,-0.0759,-0.0777,0.004
ICICIBANK.NS,2025-09-30,-0.0921,-0.0939,0.0039
ICICIBANK.NS,2025-10-02,-0.0876,-0.0894,0.0039
ICICIBANK.NS,2025-10-05,-0.0864,-0.0882,0.004
ICICIBANK.NS,2025-10-06,-0.0947,-0.0964,0.0039
ICICIBANK.NS,2025-10-07,-0.091,-0.0927,0.0039
ICICIBANK.NS,2025-10-08,-0.0948,-0.0966,0.0039
ICICIBANK.NS,2025-10-09,-0.0975,-0.0993,0.0039
ICICIBANK.NS,2025-10-12,-0.0969,-0.0987,0.0039
ICICIBANK.NS,2025-10-13,-0.1,-0.1018,0.0039
ICICIBANK.NS,2025-10-14,-0.1092,-0.111,0.0039
ICICIBANK.NS,2025-10-15,-0.1211,-0.1228,0.0038
ICICIBANK.NS,2025-10-16,-0.1329,-0.1346,0.0038
ICICIBANK.NS,2025-10-19,-0.104,-0.1058,0.0039
ICICIBANK.NS,2025-10-20,-0.0986,-0.1004,0.0039
ICICIBANK.NS,2025-10-22,-0.0866,-0.0884,0.004
ICICIBANK.NS,2025-10-23,-0.0958,-0.0976,0.0039
ICICIBANK.NS,2025-10-26,-0.0958,-0.0976,0.0039
ICICIBANK.NS,2025-10-27,-0.0861,-0.088,0.004
ICICIBANK.NS,2025-10-28,-0.091,-0.0928,0.0039
ICICIBANK.NS,2025-10-29,-0.0857,-0.0875,0.004
ICICIBANK.NS,2025-10-30,-0.0741,-0.0759,0.004
ICICIBANK.NS,2025-11-02,-0.0748,-0.0766,0.004
ICICIBANK.NS,2025-11-03,-0.0682,-0.0701,0.004
ICICIBANK.NS,2025-11-05,-0.0566,-0.0585,0.0041
ICICIBANK.NS,2025-11-06,-0.0725,-0.0743,0.004
ICICIBANK.NS,2025-11-09,-0.0759,-0.0777,0.004
ICICIBANK.NS,2025-11-10,-0.0829,-0.0847,0.004
ICICIBANK.NS,2025-11-11,-0.0833,-0.0851,0.004
ICICIBANK.NS,2025-11-12,-0.1012,-0.103,0.0039
ICICIBANK.NS,2025-11-13,-0.0927,-0.0945,0.0039
ICICIBANK.NS,2025-11-16,-0.0967,-0.0985,0.0039
ICICIBANK.NS,2025-11-17,-0.093,-0.0948,0.0039
ICICIBANK.NS,2025-11-18,-0.0994,-0.1011,0.0039
ICICIBANK.NS,2025-11-19,-0.0993,-0.1011,0.0039
ICICIBANK.NS,2025-11-20,-0.0904,-0.0922,0.0039
ICICIBANK.NS,2025-11-23,-0.0897,-0.0915,0.0039
ICICIBANK.NS,2025-11-24,-0.0826,-0.0844,0.004
ICICIBANK.NS,2025-11-25,-0.0941,-0.0958,0.0039
ICICIBANK.NS,2025-11-26,-0.1053,-0.107,0.0039
ICICIBANK.NS,2025-11-27,-0.1031,-0.1048,0.0039
ICICIBANK.NS,2025-11-30,-0.1039,-0.1057,0.0039
ICICIBANK.NS,2025-12-01,-0.0927,-0.0945,0.0039
ICICIBANK.NS,2025-12-02,-0.1048,-0.1066,0.0039
ICICIBANK.NS,2025-12-03,-0.1017,-0.1035,0.0039
ICICIBANK.NS,2025-12-04,-0.1054,-0.1072,0.0039
ICICIBANK.NS,2025-12-07,-0.1036,-0.1053,0.0039
ICICIBANK.NS,2025-12-08,-0.0942,-0.096,0.0039
ICICIBANK.NS,2025-12-09,-0.0865,-0.0883,0.004
ICICIBANK.NS,2025-12-10,-0.0841,-0.0859,0.004
ICICIBANK.NS,2025-12-11,-0.0881,-0.0899,0.0039
ICICIBANK.NS,2025-12-14,-0.0876,-0.0894,0.0039
ICICIBANK.NS,2025-12-15,-0.0881,-0.0899,0.0039
ICICIBANK.NS,2025-12-16,-0.0789,-0.0807,0.004
ICICIBANK.NS,2025-12-17,-0.0819,-0.0837,0.004
ICICIBANK.NS,2025-12-18,-0.0801,-0.0819,0.004
ICICIBANK.NS,2025-12-21,-0.0898,-0.0916,0.0039
ICICIBANK.NS,2025-12-22,-0.0861,-0.0879,0.004
ICICIBANK.NS,2025-12-23,-0.0839,-0.0857,0.004
ICICIBANK.NS,2025-12-25,-0.0776,-0.0794,0.004
ICICIBANK.NS,2025-12-28,-0.0727,-0.0745,0.004
ICICIBANK.NS,2025-12-29,-0.0721,-0.074,0.004
ICICIBANK.NS,2025-12-30,-0.0724,-0.0742,0.004
ICICIBANK.NS,2025-12-31,-0.069,-0.0708,0.004
ICICIBANK.NS,2026-01-01,-0.081,-0.0828,0.004
ICICIBANK.NS,2026-01-04,-0.0917,-0.0935,0.0039
ICICIBANK.NS,2026-01-05,-0.1173,-0.119,0.0038
ICICIBANK.NS,2026-01-06,-0.1275,-0.1292,0.0038
ICICIBANK.NS,2026-01-07,-0.1319,-0.1337,0.0038
ICICIBANK.NS,2026-01-08,-0.113,-0.1147,0.0038
ICICIBANK.NS,2026-01-11,-0.1185,-0.1202,0.0038
ICICIBANK.NS,2026-01-12,-0.1331,-0.1349,0.0038
ICICIBANK.NS,2026-01-13,-0.1218,-0.1235,0.0038
ICICIBANK.NS,2026-01-14,-0.1218,-0.1235,0.0038
ICICIBANK.NS,2026-01-15,-0.117,-0.1188,0.0038
ICICIBANK.NS,2026-01-18,-0.0977,-0.0995,0.0039
ICICIBANK.NS,2026-01-19,-0.0946,-0.0964,0.0039
ICICIBANK.NS,2026-01-20,-0.0766,-0.0784,0.004
ICICIBANK.NS,2026-01-21,-0.0742,-0.076,0.004
ICICIBANK.NS,2026-01-22,-0.0727,-0.0746,0.004
ICICIBANK.NS,2026-01-26,-0.085,-0.0868,0.004
ICICIBANK.NS,2026-01-27,-0.0892,-0.091,0.0039
ICICIBANK.NS,2026-01-28,-0.0997,-0.1015,0.0039
ICICIBANK.NS,2026-01-29,-0.0807,-0.0825,0.004
ICICIBANK.NS,2026-02-01,-0.0792,-0.081,0.004
ICICIBANK.NS,2026-02-02,-0.1036,-0.1054,0.0039
ICICIBANK.NS,2026-02-03,-0.1155,-0.1173,0.0038
ICICIBANK.NS,2026-02-04,-0.108,-0.1098,0.0039
ICICIBANK.NS,2026-02-05,-0.1141,-0.1158,0.0038
ICICIBANK.NS,2026-02-08,-0.1079,-0.1096,0.0039
ICICIBANK.NS,2026-02-09,-0.1143,-0.1161,0.0038
ICICIBANK.NS,2026-02-10,-0.1141,-0.1158,0.0038
ICICIBANK.NS,2026-02-11,-0.1289,-0.1306,0.0038
ICICIBANK.NS,2026-02-12,-0.1194,-0.1212,0.0038
ICICIBANK.NS,2026-02-15,-0.1175,-0.1193,0.0038
ICICIBANK.NS,2026-02-16,-0.115,-0.1167,0.0038
ICICIBANK.NS,2026-02-17,-0.1154,-0.1172,0.0038
ICICIBANK.NS,2026-02-18,-0.1031,-0.1048,0.0039
ICICIBANK.NS,2026-02-19,-0.1067,-0.1085,0.0039
ICICIBANK.NS,2026-02-22,-0.1099,-0.1116,0.0039
ICICIBANK.NS,2026-02-23,-0.1005,-0.1022,0.0039
ICICIBANK.NS,2026-02-24,-0.1106,-0.1123,0.0038
ICICIBANK.NS,2026-02-25,-0.1133,-0.1151,0.0038
ICICIBANK.NS,2026-02-26,-0.0966,-0.0984,0.0039
ICICIBANK.NS,2026-03-01,-0.0934,-0.0952,0.0039
ICICIBANK.NS,2026-03-03,-0.0877,-0.0895,0.0039
ICICIBANK.NS,2026-03-04,-0.0824,-0.0843,0.004
ICICIBANK.NS,2026-03-05,-0.0516,-0.0534,0.0041
ICICIBANK.NS,2026-03-08,-0.0256,-0.0275,0.0042
ICICIBANK.NS,2026-03-09,-0.0505,-0.0524,0.0041
ICICIBANK.NS,2026-03-10,-0.0378,-0.0397,0.0042
ICICIBANK.NS,2026-03-11,-0.0164,-0.0184,0.0043
ICICIBANK.NS,2026-03-12,-0.0073,-0.0092,0.0043
ICICIBANK.NS,2026-03-15,-0.0214,-0.0233,0.0042
ICICIBANK.NS,2026-03-16,-0.0334,-0.0353,0.0042
ICICIBANK.NS,2026-03-17,-0.0338,-0.0357,0.0042
ICICIBANK.NS,2026-03-18,-0.0035,-0.0055,0.0043
ICICIBANK.NS,2026-03-19,0.0002,-0.0018,0.0043
ICICIBANK.NS,2026-03-22,0.0188,0.0168,0.0044
ICICIBANK.NS,2026-03-23,-0.0044,-0.0064,0.0043
ICICIBANK.NS,2026-03-24,-0.0111,-0.0131,0.0043
ICICIBANK.NS,2026-03-26,0.0096,0.0076,0.0044
ICICIBANK.NS,2026-03-29,0.033,0.0309,0.0045
ICICIBANK.NS,2026-03-31,0.0272,0.0252,0.0044
ICICIBANK.NS,2026-04-01,0.0246,0.0225,0.0044
ICICIBANK.NS,2026-04-05,0.0116,0.0096,0.0044
ICICIBANK.NS,2026-04-06,0.0001,-0.0018,0.0043
ICICIBANK.NS,2026-04-07,-0.0485,-0.0504,0.0041
ICICIBANK.NS,2026-04-08,-0.0278,-0.0297,0.0042
ICICIBANK.NS,2026-04-09,-0.0577,-0.0595,0.0041
ICICIBANK.NS,2026-04-12,-0.078,-0.0799,0.004
ICICIBANK.NS,2026-04-14,-0.076,-0.0778,0.004
ICICIBANK.NS,2026-04-15,-0.0742,-0.076,0.004
ICICIBANK.NS,2026-04-16,-0.0751,-0.0769,0.004
ICICIBANK.NS,2026-04-19,-0.0815,-0.0833,0.004
ICICIBANK.NS,2026-04-20,-0.1028,-0.1046,0.0039
ICICIBANK.NS,2026-04-21,-0.0892,-0.091,0.0039
ICICIBANK.NS,2026-04-22,-0.0759,-0.0777,0.004
ICICIBANK.NS,2026-04-23,-0.0607,-0.0626,0.0041
ICICIBANK.NS,2026-04-26,-0.0521,-0.0539,0.0041
ICICIBANK.NS,2026-04-27,-0.0359,-0.0378,0.0042
ICICIBANK.NS,2026-04-28,-0.0276,-0.0295,0.0042
ICICIBANK.NS,2026-04-29,-0.014,-0.016,0.0043
ICICIBANK.NS,2026-04-30,-0.014,-0.016,0.0043
ICICIBANK.NS,2026-05-03,-0.0198,-0.0217,0.0042
ICICIBANK.NS,2026-05-04,-0.0045,-0.0065,0.0043
ICICIBANK.NS,2026-05-05,-0.0264,-0.0284,0.0042
ICICIBANK.NS,2026-05-06,-0.0261,-0.028,0.0042
ICICIBANK.NS,2026-05-07,-0.0151,-0.0171,0.0043
ICICIBANK.NS,2026-05-10,-0.0164,-0.0183,0.0043
ICICIBANK.NS,2026-05-11,0.0043,0.0023,0.0043
ICICIBANK.NS,2026-05-12,0.0081,0.0062,0.0044
ICICIBANK.NS,2026-05-13,-0.0003,-0.0022,0.0043
ICICIBANK.NS,2026-05-14,0.0009,-0.001,0.0043
ICICIBANK.NS,2026-05-17,-0.0043,-0.0063,0.0043
ICICIBANK.NS,2026-05-18,0.0039,0.0019,0.0043
ICICIBANK.NS,2026-05-19,0.0068,0.0048,0.0044
ICICIBANK.NS,2026-05-20,0.0023,0.0003,0.0043
ICICIBANK.NS,2026-05-21,-0.0147,-0.0167,0.0043
ICICIBANK.NS,2026-05-24,-0.0357,-0.0376,0.0042
